ba9cf80281dae3adc79524c0be93a1016037fa59,DELETE,regular-file,.sisyphus/evidence/task-7-gif-overlay.mp4,703989,
7f30b873c97c75a02a7144520803a61204f41c89,DELETE,regular-file,.sisyphus/evidence/task-8-base.mp4,5625,
7f30b873c97c75a02a7144520803a61204f41c89,DELETE,regular-file,.sisyphus/evidence/task-8-lottie-overlay.mp4,5625,
22eabf3310ecae30c30a608a8d068e525c8ef661,DELETE,regular-file,projects/demo/render/final.mp4,4471500,
ba9cf80281dae3adc79524c0be93a1016037fa59,DELETE,regular-file,projects/demo/render/segments/seg_0001.mp4,703989,
8d32c2a05039ee3e0ab956bacd4b47fcea6a48f4,DELETE,regular-file,projects/demo/render/segments/seg_0002.mp4,877213,
b8c405ec5622d34b1c9f134eeca4de026cd2200b,DELETE,regular-file,projects/demo/render/segments/seg_0003.mp4,498489,
910369abc151a656a02bf5930dfc5a9afc1db42c,DELETE,regular-file,projects/demo/render/segments/seg_0004.mp4,627075,
8abdf5f1b90f1150b51b8adfd3e162fe731ae08f,DELETE,regular-file,projects/demo/render/segments/seg_0005.mp4,855546,
e483089e2c55ca868c706b81b07adffbb1d48ff8,DELETE,regular-file,projects/demo/render/segments/seg_0006.mp4,525361,
9796c2ba039c069fd68dec3589c0fb51f73796e1,DELETE,regular-file,projects/demo/render/segments/seg_0007.mp4,506795,
7ffe3ba0bab75458150ba4ee6b61a738bfa0ae66,DELETE,regular-file,projects/yanfa_v2_4min/render/final_compat.mp4,39556921,
75299b362cd0e838edc90ef3b5ee1c8917403f2b,DELETE,regular-file,projects/yanfa_v2_4min/render/final_sticker.mp4,42841781,
d54b529be0a56b974392b5ed3a6281608791140e,DELETE,symlink,test_agent_project/assets/generated/0ad6544c9b802346_31dff6a8cf7aeb2d.mp4,97,
64ef22692f41fcb47a87208adb56c788e7399b5e,DELETE,symlink,test_agent_project/assets/generated/0b2e91a648f44b37_288f65a64455e4ec.mp4,96,
7d32b53e06e36463f30ec04059df7015002f37f1,DELETE,symlink,test_agent_project/assets/generated/0e6c9f2f8d870ce2_d55dbd5875ae4c36.mp4,97,
74f6dec633f8380c55ca2ea15bd8d7762de23a61,DELETE,symlink,test_agent_project/assets/generated/323a55ed8f2f4d68_9fa39ce81e0ab9fd.mp4,97,
5e6b3b9120e0dede0cc05154d3e85d7e49d7a48e,DELETE,symlink,test_agent_project/assets/generated/45b53c43bd801a53_6190037f3a522e79.mp4,99,
93208cf9a30ecaee5e95035c87d4a2a206d93542,DELETE,symlink,test_agent_project/assets/generated/6b64e2d2480edf2d_db71a4b0f59228ea.mp4,97,
b0f39fe5f0e09259ec43e73fe643a96d6f15b17a,DELETE,symlink,test_agent_project/assets/generated/72ba342a9928e392_e8233ba9a973240b.mp4,97,
b7dbcf2ee89d0b392565217c1b23fac89a88cf47,DELETE,symlink,test_agent_project/assets/generated/90c357e48001648b_ad15fcd862f24059.mp4,97,
6456d663db10919d7bc131724c4acb065f8d1edf,DELETE,symlink,test_agent_project/assets/generated/940d97a7d9e18ab3_f7a3a39101581bf7.mp4,97,
b0f39fe5f0e09259ec43e73fe643a96d6f15b17a,DELETE,symlink,test_agent_project/assets/generated/a30630a5705d676e_e57ba76efe6f3caf.mp4,97,
45c847d36c2b39070c8498cd1abb918fe6ea0cf5,DELETE,symlink,test_agent_project/assets/generated/b8dd5efebbc20919_d7581ab6e46eb6e8.mp4,99,
1da5a2a5fa637f10fce578268afac2e7984a7c4b,DELETE,symlink,test_agent_project/assets/generated/c3c86d5c758335d9_7984f81aadd83aac.mp4,97,
dfb3d58d1944082d77faf6d1df45af71f127576b,DELETE,symlink,test_agent_project/assets/generated/c916daedeef3c749_79a31d62de0b0717.mp4,97,
4c611eac5e18a29339a35288b8b9d699cc30caab,DELETE,symlink,test_agent_project/assets/generated/d3462ad6e2cf18a6_62e85d1cf621270d.mp4,97,
4c611eac5e18a29339a35288b8b9d699cc30caab,DELETE,symlink,test_agent_project/assets/generated/d36caabc2f25a232_552ed3a88584ee59.mp4,97,
5027704fd0cf3c8a92fb021e8eacca3a4b9f547e,DELETE,regular-file,test_agent_project/assets/pexels_cache/videos/pexels_25935023_None.mp4,47743765,
b2a780ff473f69d758c7e8a4a412bdc12c27aa6d,DELETE,regular-file,test_agent_project/assets/pexels_cache/videos/pexels_36458043_None.mp4,11963135,
8284573a8e82cefb7c29a6c2b04ef7afc861c029,DELETE,regular-file,test_agent_project/assets/pexels_cache/videos/pexels_6097399_uhd.mp4,15913547,
5e37df987e39cf5aef24c7119d096e169045efff,DELETE,regular-file,test_agent_project/assets/pexels_cache/videos/pexels_7240649_uhd.mp4,27212721,
31876fb135d017c7ceae452d8ca6d0446ffc011c,DELETE,regular-file,test_agent_project/assets/pexels_cache/videos/pexels_8087010_uhd.mp4,17893912,
44508d3e6ccad66263d46c3fd55dbacd030c8de2,DELETE,regular-file,test_agent_project/assets/pexels_cache/videos/pexels_8087308_uhd.mp4,25926769,
ca8405bc436dffc8ed7d16b730d272d13aa4c2c8,DELETE,regular-file,test_agent_project/assets/pexels_cache/videos/pexels_8328101_uhd.mp4,8787255,
d36ec32c2696cf8f1b2e65083264aeedc14fb541,DELETE,regular-file,test_agent_project/assets/pexels_cache/videos/pexels_8328103_uhd.mp4,28367349,
7b012c0fae5bd716051771e89b0b6b0d732829c9,DELETE,regular-file,test_agent_project/assets/pexels_cache/videos/pexels_8566775_uhd.mp4,25913066,
464c8ba5639ac263cb500e7c8edd535c08ce1c26,DELETE,regular-file,test_agent_project/assets/pexels_cache/videos/pexels_8566810_uhd.mp4,18577851,
c0af19f770decf9c88cbd58229d2185220be6ab2,DELETE,regular-file,test_agent_project/assets/pexels_cache/videos/pexels_8676998_uhd.mp4,21522201,
17aca74702fc422b442820d054a56bc5f60d9f63,DELETE,regular-file,test_agent_project/assets/pexels_cache/videos/pexels_8775003_uhd.mp4,20558512,
ebbb6b342f827629c51b8bdb700ac36b9a5782f0,DELETE,regular-file,test_agent_project/assets/pexels_cache/videos/pexels_8979493_hd.mp4,5908592,
d88efaa763af14d3bae1824b4d267abd541d1e47,DELETE,regular-file,test_agent_project/render/segments/0ad6544c9b802346_156b7ff80add.mp4,2608876,
29414388ea28397abb8b450b1d78b7a0f4b8446b,DELETE,regular-file,test_agent_project/render/segments/0b2e91a648f44b37_cc0462494ad8.mp4,3096373,
1ec0955d02bb09ab32a680ce48140198b99ee8ef,DELETE,regular-file,test_agent_project/render/segments/0e6c9f2f8d870ce2_807592bd2ef6.mp4,2886096,
44dab2c5bd06bf1db5c25d05cfb47689eae96f2d,DELETE,regular-file,test_agent_project/render/segments/323a55ed8f2f4d68_4e3cebc89b05.mp4,2484030,
3f5aaa6ab367fc668db4f81be86e238b0363ec2e,DELETE,regular-file,test_agent_project/render/segments/442ac5c5ec5ac952_d2fb175be5a4.mp4,616669,
9bc9524a2cef83d11ad10469b7f953c6586193e8,DELETE,regular-file,test_agent_project/render/segments/45b53c43bd801a53_705108995e39.mp4,3868437,
5d67e688917c44a7055daa0d87c782f7225d0ec8,DELETE,regular-file,test_agent_project/render/segments/498ac1c977393fbc_c029be5d30f6.mp4,1396752,
c3960d51636bb0488e55ec12bda6ad3fe739921f,DELETE,regular-file,test_agent_project/render/segments/6074b0e4d57f7c21_df3162fba77e.mp4,452123,
02bea44060562c6ca620ad9a1cfbcb755d5bc3f2,DELETE,regular-file,test_agent_project/render/segments/6b64e2d2480edf2d_f4269c70d6c8.mp4,1430214,
ac86117f20a9f079eb68ccb3c144effb0cb9fc76,DELETE,regular-file,test_agent_project/render/segments/72ba342a9928e392_10c433274169.mp4,3240849,
e64de64a5e729fef382b4ec5cf61c2e8a532201c,DELETE,regular-file,test_agent_project/render/segments/810c8179142d37a9_960115bb5807.mp4,563287,
a702956c349fd45b55bd586d788b85cb617597ee,DELETE,regular-file,test_agent_project/render/segments/8a999ac29455e33d_9da29ff706c8.mp4,990269,
4978e2e259d521fbba5e5044e580040d2417cddc,DELETE,regular-file,test_agent_project/render/segments/90c357e48001648b_13df540d20f1.mp4,1417665,
afd47d4ea1b3a1e39d92ff6eb2f6fddd73678839,DELETE,regular-file,test_agent_project/render/segments/92bfccdc6db326ec_d227708e3a86.mp4,1909153,
a7e665821dbf01f5fdd5c75c158057201cbc60d3,DELETE,regular-file,test_agent_project/render/segments/940d97a7d9e18ab3_d3317f9dc145.mp4,2952304,
2dcb7c7289c31c772eab30cfb2cd8b218bedf72e,DELETE,regular-file,test_agent_project/render/segments/a30630a5705d676e_4a2fea6277fa.mp4,4470189,
ec0e54562b207dd0ffc54cb5c1482f0d3e725543,DELETE,regular-file,test_agent_project/render/segments/b8dd5efebbc20919_758afd833697.mp4,9868094,
85a280a0cb9d7c7ce71c90dec240d2b0157d38a3,DELETE,regular-file,test_agent_project/render/segments/c3c86d5c758335d9_df93d873bfb2.mp4,1131412,
fcc77e90332ed51d2921c6efa6199f8fed2b7d65,DELETE,regular-file,test_agent_project/render/segments/c916daedeef3c749_43866088685a.mp4,2570074,
6a17486984aee17b36d3a6f9be799ac5d29897ea,DELETE,regular-file,test_agent_project/render/segments/ce76ab06c0523a9f_c58f66b0c497.mp4,1238063,
4cadde2bef4491e19b2838c20efc3e8290852926,DELETE,regular-file,test_agent_project/render/segments/d3462ad6e2cf18a6_4078d6707635.mp4,2701577,
886ace27edefb39794883f91b0119c4aa5f7dd59,DELETE,regular-file,test_agent_project/render/segments/d36caabc2f25a232_ce9100859c7f.mp4,2030513,
04577cb9c82dd41a51a9d78666003ae89923caa3,DELETE,regular-file,test_agent_project/render/segments/e01573387bc333a9_aca94f02d770.mp4,1054896,
4632b689ef5c734a944f94f53494b0182bd0846e,DELETE,symlink,test_insurance_pension/assets/generated/033a5c6ebae176df_71724084984589d2.mp4,100,
581837484f18da3ec95525d7436c3c9dfe9a8936,DELETE,symlink,test_insurance_pension/assets/generated/05a6392f60eff737_fffffff8e5c22aef.mp4,100,
7b45759e93b99f077961961d485c97c780d04ba9,DELETE,symlink,test_insurance_pension/assets/generated/13e8f41b374698d2_234061ac393eb254.mp4,103,
1203f38307cf07e17f2e5358052d67fd8c3b0ca0,DELETE,symlink,test_insurance_pension/assets/generated/19d611c338e42121_6c7b3c92e8175436.mp4,100,
c542fe5d542e8efd9a12bce30f423f5d9020bf2c,DELETE,symlink,test_insurance_pension/assets/generated/1ef881895e03deae_6f6beffb5192a5e2.mp4,101,
4632b689ef5c734a944f94f53494b0182bd0846e,DELETE,symlink,test_insurance_pension/assets/generated/1fae8be7321c2850_6a847e4d799ad200.mp4,100,
f8c37494376139b51524bd0766f80db67aa901f9,DELETE,symlink,test_insurance_pension/assets/generated/25fe37ee343ff1f2_c1c01640cc1a3e2d.mp4,101,
6595c9f2f12a22b9793088e607879e594d1cba46,DELETE,symlink,test_insurance_pension/assets/generated/26e2df2e2d1f49d3_1f30be93934e3c3f.mp4,101,
a3ae5b13a7d92bd6e59c075fd1c788a73b06958f,DELETE,symlink,test_insurance_pension/assets/generated/28a367804b3d3a29_c523bf2abb15408b.mp4,100,
a3ae5b13a7d92bd6e59c075fd1c788a73b06958f,DELETE,symlink,test_insurance_pension/assets/generated/3c2c9ef2f5f6f69c_c24acf71272ed032.mp4,100,
f792079b0be07aebc7dd5dad681b452b33c5c5cf,DELETE,symlink,test_insurance_pension/assets/generated/59887d7ef4ef49b3_2d59958d75d4d5bd.mp4,101,
a3df6a8a8960306128b9ac9039032007c49df15c,DELETE,symlink,test_insurance_pension/assets/generated/5c4d4acabdab1d19_1f616ae3b57bd809.mp4,100,
f8c37494376139b51524bd0766f80db67aa901f9,DELETE,symlink,test_insurance_pension/assets/generated/5c808b54303a99b0_bfd65dd994ecba9a.mp4,101,
81fdbe58ba38a26dac4e96613358120b7c9488c8,DELETE,symlink,test_insurance_pension/assets/generated/5e639c1c8addb7d0_beab28a4f48e4311.mp4,100,
088684f210d07fd332e16374f96108f2a742ecb3,DELETE,symlink,test_insurance_pension/assets/generated/60df8da6d8fcf846_725b282af20c4c92.mp4,100,
64eff215276be49e5ea24d72bfb9755327c9d5a9,DELETE,symlink,test_insurance_pension/assets/generated/7cbe3f1db29f7ceb_4e68e1a39f3c2b9e.mp4,100,
4e11ae5cc8c367bc07d6ca6358afc1731d623c86,DELETE,symlink,test_insurance_pension/assets/generated/7f2ffa59dd379b7c_165900834730d252.mp4,101,
03fb838bc448d9ec54dfec0319025cd9d2ac4923,DELETE,symlink,test_insurance_pension/assets/generated/8ef29d4b8908c393_ad24be88330ee21d.mp4,100,
5ebbd0a6a63fd947dccaf61ee139a274acf32ef4,DELETE,symlink,test_insurance_pension/assets/generated/91b10c7f82633b84_327b59582e997d91.mp4,103,
7b45759e93b99f077961961d485c97c780d04ba9,DELETE,symlink,test_insurance_pension/assets/generated/97a840e1b0b9fc7e_dbd467399e5323b7.mp4,103,
7b45759e93b99f077961961d485c97c780d04ba9,DELETE,symlink,test_insurance_pension/assets/generated/9c1c7086e31b4050_bc6dbd874fb1ac2c.mp4,103,
03fb838bc448d9ec54dfec0319025cd9d2ac4923,DELETE,symlink,test_insurance_pension/assets/generated/a3b8d1a81d87652a_bb7effec34284b3d.mp4,100,
3c5413ebad4b18ce871be2d6a383b6a19f04865d,DELETE,symlink,test_insurance_pension/assets/generated/aec32318ed80e924_62859d01d41b8d88.mp4,103,
2557bfac68291d2da22cb7ec8c53321cc0f4bf6f,DELETE,symlink,test_insurance_pension/assets/generated/b9b447aba95680e5_e9c83ebead29892c.mp4,101,
10badcc36e647fd21486d2c25ea019f923ccd261,DELETE,symlink,test_insurance_pension/assets/generated/c8dec0d776b914c0_62acfcb4c6441be2.mp4,101,
3c5413ebad4b18ce871be2d6a383b6a19f04865d,DELETE,symlink,test_insurance_pension/assets/generated/cdb4ee2aea69cc6a_cea79c979bb624fb.mp4,103,
1c7d3e63fc41ebc88247a792aaab93b58c1d7a98,DELETE,symlink,test_insurance_pension/assets/generated/d47a7700d7e8ce29_b3570377f72dfc75.mp4,101,
76b4cd012e6bcd6bffaa8c56990136e5e4a4cedb,DELETE,symlink,test_insurance_pension/assets/generated/de6f9aa073bf936d_b807611c1ceea4d4.mp4,101,
ff8f75987b6bdcc33eef5f0eb2d5732e582f2207,DELETE,symlink,test_insurance_pension/assets/generated/e039bcc2fd14ab6f_46ab632640494a62.mp4,101,
8f8dfde8d597c3a469a61ec359cd19450d64ee07,DELETE,symlink,test_insurance_pension/assets/generated/f02a2c36aca7e780_3941b5ce725c6617.mp4,101,
63ba5502a0936f8eb2bd541fb9f93d33357a060a,DELETE,symlink,test_insurance_pension/assets/generated/ff29c8c804ef5d0b_4cfe6b8511407880.mp4,101,
24056313539aca83c90c9ab5429725c58c375b85,DELETE,regular-file,test_insurance_pension/assets/pexels_cache/videos/pexels_31011025_None.mp4,11713230,
f9a042bed4f4b8560b91fd70fb62003930782f47,DELETE,regular-file,test_insurance_pension/assets/pexels_cache/videos/pexels_34812214_None.mp4,21556019,
1e45e259b63c321026f97409937d404d5186e1fa,DELETE,regular-file,test_insurance_pension/assets/pexels_cache/videos/pexels_34993410_None.mp4,2180697,
a423eb55b69fae3a8cbc314d41a97beb8a9e2b72,DELETE,regular-file,test_insurance_pension/assets/pexels_cache/videos/pexels_5423965_uhd.mp4,29429054,
735169a448cc0b7fd0e2a9fcda05d03258bf9b8c,DELETE,regular-file,test_insurance_pension/assets/pexels_cache/videos/pexels_5651586_hd.mp4,5265872,
b2bb387782f28e49d3c38b0c8017605df75ad975,DELETE,regular-file,test_insurance_pension/assets/pexels_cache/videos/pexels_5837955_uhd.mp4,20793914,
5901b074aebdd3f3ded19c35d2ade4af52e50ee3,DELETE,regular-file,test_insurance_pension/assets/pexels_cache/videos/pexels_6120117_hd.mp4,5626886,
8ce72201c4b14fa982a03ae7062a7673a68d5700,DELETE,regular-file,test_insurance_pension/assets/pexels_cache/videos/pexels_6266255_uhd.mp4,24980224,
188ca0b83df21476e083e8cb42ad485d536d0ad3,DELETE,regular-file,test_insurance_pension/assets/pexels_cache/videos/pexels_6282146_hd.mp4,631173,
ac63d472a15945c4f2c4e0546587cf3f25264090,DELETE,regular-file,test_insurance_pension/assets/pexels_cache/videos/pexels_6590513_uhd.mp4,14914475,
aca82b3ff63367d5247d5a058e682e7615dc3e53,DELETE,regular-file,test_insurance_pension/assets/pexels_cache/videos/pexels_6622669_uhd.mp4,28523251,
29ed574511ca615f9157b4bbb573d932a7f8ef2c,DELETE,regular-file,test_insurance_pension/assets/pexels_cache/videos/pexels_6944274_uhd.mp4,22766572,
05d9e219ad7631c17bd6dbf6321c73234ea00dbb,DELETE,regular-file,test_insurance_pension/assets/pexels_cache/videos/pexels_7082856_uhd.mp4,19870516,
1a43ac447d174fa2c7d1d1486868b4475ba84a52,DELETE,regular-file,test_insurance_pension/assets/pexels_cache/videos/pexels_7164236_hd.mp4,4988177,
beeac59481d064b14301f75b5df5a59d955508a4,DELETE,regular-file,test_insurance_pension/assets/pexels_cache/videos/pexels_7164242_hd.mp4,6201094,
26c1bef88d28df3a29292e001035a8e07e3ab961,DELETE,regular-file,test_insurance_pension/assets/pexels_cache/videos/pexels_7328527_uhd.mp4,38972909,
5eb5202750c2b7b39bd054202b12bc6971d30860,DELETE,regular-file,test_insurance_pension/assets/pexels_cache/videos/pexels_7477072_uhd.mp4,14901388,
d3abcfd9b1871831ced300679e09c0609864641f,DELETE,regular-file,test_insurance_pension/assets/pexels_cache/videos/pexels_7545941_uhd.mp4,9475781,
a79d300c7605e9d0c897546bb6c94a8c6f565da8,DELETE,regular-file,test_insurance_pension/assets/pexels_cache/videos/pexels_7656420_hd.mp4,4294942,
69ede5bb17b7e4fa791fe3d65485ca5c5a75816e,DELETE,regular-file,test_insurance_pension/assets/pexels_cache/videos/pexels_7947464_hd.mp4,4378197,
c062f90f6b9adecf7c1d07d778116f7507a4d5fd,DELETE,regular-file,test_insurance_pension/assets/pexels_cache/videos/pexels_8164486_hd.mp4,7188242,
da8042c1ea3e0b5bc2bdaaa17e1738f7f03c1bab,DELETE,regular-file,test_insurance_pension/assets/pexels_cache/videos/pexels_8263997_uhd.mp4,28822988,
ecb5a43abae230d3b7078d369a28430fd8987ac8,DELETE,regular-file,test_insurance_pension/assets/pexels_cache/videos/pexels_8369957_hd.mp4,6500181,
aefd786c0782a9c87d6ca3a739efc9639631e5cc,DELETE,regular-file,test_insurance_pension/assets/pexels_cache/videos/pexels_8808333_uhd.mp4,14501194,
6a95065258c4fd9a290f022a7cb714975918521d,DELETE,regular-file,test_insurance_pension/render/segments/033a5c6ebae176df_60f8d16de4f4.mp4,5389785,
51967b92b2c762b20c1df55e13720bf4f8319117,DELETE,regular-file,test_insurance_pension/render/segments/05a6392f60eff737_da20b65b236d.mp4,4605092,
f7bcfd9d73064fcfba842440270b8e2316427fe5,DELETE,regular-file,test_insurance_pension/render/segments/13e8f41b374698d2_c36762e772d6.mp4,2276718,
88ee03c38b92838b63722b0bb75db16227129578,DELETE,regular-file,test_insurance_pension/render/segments/19d611c338e42121_6ed387c5b645.mp4,2123135,
85c77835b2848cb61d1928266bf4fa805cb1bbcc,DELETE,regular-file,test_insurance_pension/render/segments/1ef881895e03deae_27934e980e85.mp4,4826426,
c77f87f7e8718aea50009f3d337e20a6fe1dad48,DELETE,regular-file,test_insurance_pension/render/segments/1fae8be7321c2850_3bd26ff6ee1b.mp4,4287004,
e1d877285016b5170278106f0c8c80df6999ddff,DELETE,regular-file,test_insurance_pension/render/segments/25fe37ee343ff1f2_ea36588fbe7c.mp4,3467896,
4ccc812250d08a65993f8c63123e28530f9ce4fb,DELETE,regular-file,test_insurance_pension/render/segments/26e2df2e2d1f49d3_3ac048031d08.mp4,3811715,
c558297e96d0d78af55677f9e1632c81ea210f58,DELETE,regular-file,test_insurance_pension/render/segments/28a367804b3d3a29_f8d1c81c54b0.mp4,145802,
ff0827066af0120929faf7b2bad94f999812a22f,DELETE,regular-file,test_insurance_pension/render/segments/3c05fc1eb0beb33d_5390f1ab1a67.mp4,599287,
4d1719a0893f6c30a233eccf273c2e6530fbbd52,DELETE,regular-file,test_insurance_pension/render/segments/3c2c9ef2f5f6f69c_82f7d2ab2a77.mp4,233521,
e4d2ac6abc2c3fb62dd1f14b68bafed1310e262b,DELETE,regular-file,test_insurance_pension/render/segments/5563f1630fbbe5a2_6d8b750dbae7.mp4,847001,
d4ae80b28f8a4c5ae4e60f345680268e798e8cc8,DELETE,regular-file,test_insurance_pension/render/segments/59887d7ef4ef49b3_989eafe1cc9e.mp4,2276378,
e54e116822acc2042e4cca6e4f43a0f42ff41045,DELETE,regular-file,test_insurance_pension/render/segments/5c4d4acabdab1d19_2947db16f09a.mp4,1635429,
80a83143bd9bdd8730eb2a1d3a4cc6b8e076e1d1,DELETE,regular-file,test_insurance_pension/render/segments/5c808b54303a99b0_e5578325bee0.mp4,3468768,
bc8c021047159f7ffa397162282d0ac8a15974d4,DELETE,regular-file,test_insurance_pension/render/segments/5c8866fb183d50d6_217f8df1e8a1.mp4,809414,
92c78e3a7907b26820196819358c3b4aa3a7dadc,DELETE,regular-file,test_insurance_pension/render/segments/5e639c1c8addb7d0_0242997af1e6.mp4,2861196,
af23beb96b706fe92e997bff788d970a522eb73d,DELETE,regular-file,test_insurance_pension/render/segments/60df8da6d8fcf846_4bbd2e06cfd6.mp4,1978394,
07e53a2a6c63d4c0193b764e99e9704f101e5a1f,DELETE,regular-file,test_insurance_pension/render/segments/7cbe3f1db29f7ceb_e33fd37d9240.mp4,1243297,
96d411145eca18f7e4b7ce941ff16a7959e1a8ff,DELETE,regular-file,test_insurance_pension/render/segments/7f2ffa59dd379b7c_91c6303adb7f.mp4,3561349,
c3cd94ea8db7fdee790f63b417696a9e8a75fa10,DELETE,regular-file,test_insurance_pension/render/segments/8ef29d4b8908c393_34c6b0ad0ba9.mp4,2230585,
b94850e829d780bb1faeb838bf1722f7e547b081,DELETE,regular-file,test_insurance_pension/render/segments/91a9238ac4d4bdfc_c73f991ad826.mp4,195387,
fcc143f6263582ab4f9d248f06cbb1029c71d2a0,DELETE,regular-file,test_insurance_pension/render/segments/91b10c7f82633b84_35b8d16e1e30.mp4,7912055,
c8cc03f709fabce6494f1360db3ff6b4f240180c,DELETE,regular-file,test_insurance_pension/render/segments/97a840e1b0b9fc7e_814a35f82a75.mp4,2990417,
4c45b33a028ca8a072a0030a8cf2a56eb619d9c9,DELETE,regular-file,test_insurance_pension/render/segments/9c1c7086e31b4050_111e640b6499.mp4,2986940,
457e105511d98686683ac58fb983ea3ae6a7db0f,DELETE,regular-file,test_insurance_pension/render/segments/a3b8d1a81d87652a_692c231b6058.mp4,2228863,
04204c2418c107b08b8187b0ef57c9a2505dc037,DELETE,regular-file,test_insurance_pension/render/segments/aec32318ed80e924_9afe3fa3abae.mp4,1853032,
1618b830e9927e24dd8dcabc27a8a73373ba3622,DELETE,regular-file,test_insurance_pension/render/segments/b9b447aba95680e5_db4d5ba57826.mp4,4205924,
4c16853109f214388f13299c44de3583cfa35f8e,DELETE,regular-file,test_insurance_pension/render/segments/c8dec0d776b914c0_4b911f661fd4.mp4,1124657,
340175f5c80f27b30e57e0a5731ca5dd9250ffed,DELETE,regular-file,test_insurance_pension/render/segments/c8dec0d776b914c0_c4e679920363.mp4,1124657,
340175f5c80f27b30e57e0a5731ca5dd9250ffed,DELETE,regular-file,test_insurance_pension/render/segments/c8dec0d776b914c0_dd615fbe6701.mp4,1124657,
5a12dcec4387e5d4ad6be55439035a88ce6b636b,DELETE,regular-file,test_insurance_pension/render/segments/cdb4ee2aea69cc6a_90e2a335d1dc.mp4,1870348,
665cb2fb84b0700f27ef9237d4810dc1414da330,DELETE,regular-file,test_insurance_pension/render/segments/d47a7700d7e8ce29_9bbf2643a328.mp4,2242511,
34d17b2a8791f74424a71198c19b3f4b527b75bc,DELETE,regular-file,test_insurance_pension/render/segments/de6f9aa073bf936d_fd711440987b.mp4,5388330,
f86896a3b57b00651bb0f3ea2d3bd95e029fd781,DELETE,regular-file,test_insurance_pension/render/segments/e039bcc2fd14ab6f_80d7bf6dde73.mp4,2085263,
778f2e678a7b64b48cfde1db29aa2647685bd881,DELETE,regular-file,test_insurance_pension/render/segments/f02a2c36aca7e780_113cdbb15486.mp4,2648940,
73f31c96b30778be18606d9ab9245c03e4b222d5,DELETE,regular-file,test_insurance_pension/render/segments/ff29c8c804ef5d0b_822045f95817.mp4,2977498,
